country,date,GDP
United States,2024-01-01,29184890000000.0
United States,2023-01-01,27720709000000.0
United States,2022-01-01,26006893000000.0
United States,2021-01-01,23681171000000.0
United States,2020-01-01,21354105000000.0
United States,2019-01-01,21539982000000.0
United States,2018-01-01,20656516000000.0
United States,2017-01-01,19612102000000.0
United States,2016-01-01,18804913000000.0
United States,2015-01-01,18295019000000.0
United States,2014-01-01,17608138000000.0
United States,2013-01-01,16880683000000.0
United States,2012-01-01,16253970000000.0
United States,2011-01-01,15599732000000.0
United States,2010-01-01,15048971000000.0
United States,2009-01-01,14478067000000.0
United States,2008-01-01,14769862000000.0
United States,2007-01-01,14474228000000.0
United States,2006-01-01,13815583000000.0
United States,2005-01-01,13039197000000.0
United States,2004-01-01,12217196000000.0
United States,2003-01-01,11456450000000.0
United States,2002-01-01,10929108000000.0
United States,2001-01-01,10581929000000.0
United States,2000-01-01,10250952000000.0
United States,1999-01-01,9631172000000.0
United States,1998-01-01,9062817000000.0
United States,1997-01-01,8577552000000.0
United States,1996-01-01,8073122000000.0
United States,1995-01-01,7639749000000.0
United States,1994-01-01,7287236000000.0
United States,1993-01-01,6858559000000.0
United States,1992-01-01,6520327000000.0
United States,1991-01-01,6158129000000.0
United States,1990-01-01,5963144000000.0
United States,1989-01-01,5641580000000.0
United States,1988-01-01,5236438000000.0
United States,1987-01-01,4855215000000.0
United States,1986-01-01,4579631000000.0
United States,1985-01-01,4338979000000.0
United States,1984-01-01,4037613000000.0
United States,1983-01-01,3634038000000.0
United States,1982-01-01,3343789000000.0
United States,1981-01-01,3207041000000.0
United States,1980-01-01,2857307000000.0
United States,1979-01-01,2627333000000.0
United States,1978-01-01,2351599000000.0
United States,1977-01-01,2081826000000.0
United States,1976-01-01,1873412000000.0
United States,1975-01-01,1684904000000.0
United States,1974-01-01,1545243000000.0
United States,1973-01-01,1425376000000.0
United States,1972-01-01,1279110000000.0
United States,1971-01-01,1164850000000.0
United States,1970-01-01,1073303000000.0
United States,1969-01-01,1018471133696.76
United States,1968-01-01,941639100803.844
United States,1967-01-01,860737154023.838
United States,1966-01-01,814082043610.829
United States,1965-01-01,743503780837.106
United States,1964-01-01,685631590686.501
United States,1963-01-01,638380883119.283
United States,1962-01-01,604729643906.496
United States,1961-01-01,562640778342.419
United States,1960-01-01,542390475099.326
China,2024-01-01,18743803170827.2
China,2023-01-01,18270356654533.2
China,2022-01-01,18316765021690.2
China,2021-01-01,18201698719564.0
China,2020-01-01,14996414166715.1
China,2019-01-01,14560167101283.4
China,2018-01-01,14147765772963.8
China,2017-01-01,12537559062282.9
China,2016-01-01,11456024084962.0
China,2015-01-01,11280814787468.9
China,2014-01-01,10674533168257.4
China,2013-01-01,9743124247267.24
China,2012-01-01,8673664713189.24
China,2011-01-01,7671757207851.29
China,2010-01-01,6192564874453.29
China,2009-01-01,5189577094997.58
China,2008-01-01,4667346414521.95
China,2007-01-01,3604055822571.63
China,2006-01-01,2791498472804.33
China,2005-01-01,2317551298052.05
China,2004-01-01,1984196551300.44
China,2003-01-01,1683903309843.85
China,2002-01-01,1489821682050.54
China,2001-01-01,1355036590251.52
China,2000-01-01,1223754919971.05
China,1999-01-01,1103843203575.64
China,1998-01-01,1037134141760.35
China,1997-01-01,967753570434.667
China,1996-01-01,868523936530.083
China,1995-01-01,738190896227.55
China,1994-01-01,566929539493.172
China,1993-01-01,446557291212.148
China,1992-01-01,428502354788.069
China,1991-01-01,384510452961.672
China,1990-01-01,361560229445.507
China,1989-01-01,348380566801.619
China,1988-01-01,312888888888.889
China,1987-01-01,273455156950.673
China,1986-01-01,301310144927.536
China,1985-01-01,310064625850.34
China,1984-01-01,260442857142.857
China,1983-01-01,231130268199.234
China,1982-01-01,205480916030.534
China,1981-01-01,196218253968.254
China,1980-01-01,191487500000.0
China,1979-01-01,178573913043.478
China,1978-01-01,149788617886.179
China,1977-01-01,175226595859.778
China,1976-01-01,154196810058.643
China,1975-01-01,163687619735.857
China,1974-01-01,144418433058.472
China,1973-01-01,138764340892.0
China,1972-01-01,113871930713.841
China,1971-01-01,99959013879.6308
China,1970-01-01,92752930873.1912
China,1969-01-01,79847786729.1898
China,1968-01-01,70980323818.7853
China,1967-01-01,73011350596.2485
China,1966-01-01,76854053259.209
China,1965-01-01,70565994356.1828
China,1964-01-01,59821862703.4023
China,1963-01-01,50812227918.5753
China,1962-01-01,47310737754.2287
China,1961-01-01,50162299349.7871
China,1960-01-01,59846235024.7318
Japan,2024-01-01,4026210821146.81
Japan,2023-01-01,4213167237905.83
Japan,2022-01-01,4262463317796.53
Japan,2021-01-01,5039148168861.22
Japan,2020-01-01,5054068005376.28
Japan,2019-01-01,5117993853016.51
Japan,2018-01-01,5040880939324.86
Japan,2017-01-01,4930837369151.42
Japan,2016-01-01,5003677627544.24
Japan,2015-01-01,4444930651964.18
Japan,2014-01-01,4896994405353.29
Japan,2013-01-01,5212328181166.18
Japan,2012-01-01,6272362996105.03
Japan,2011-01-01,6233147172341.35
Japan,2010-01-01,5759071769013.11
Japan,2009-01-01,5289493117993.89
Japan,2008-01-01,5106679115127.3
Japan,2007-01-01,4579750920354.81
Japan,2006-01-01,4601663122649.92
Japan,2005-01-01,4831467035389.8
Japan,2004-01-01,4893116005656.56
Japan,2003-01-01,4519561645253.53
Japan,2002-01-01,4182846045873.61
Japan,2001-01-01,4374711694090.87
Japan,2000-01-01,4968359075956.59
Japan,1999-01-01,4635982224063.88
Japan,1998-01-01,4098362709531.24
Japan,1997-01-01,4492448605638.94
Japan,1996-01-01,4923391533851.63
Japan,1995-01-01,5545563663889.7
Japan,1994-01-01,4998797547740.97
Japan,1993-01-01,4536940479038.25
Japan,1992-01-01,3980702922117.66
Japan,1991-01-01,3648065760648.88
Japan,1990-01-01,3185904656663.85
Japan,1989-01-01,3109455047823.93
Japan,1988-01-01,3125724434400.79
Japan,1987-01-01,2580748422781.09
Japan,1986-01-01,2120083812109.91
Japan,1985-01-01,1427019759717.41
Japan,1984-01-01,1345824500836.76
Japan,1983-01-01,1270859919742.9
Japan,1982-01-01,1158731426905.85
Japan,1981-01-01,1245221410764.15
Japan,1980-01-01,1129377244854.04
Japan,1979-01-01,1077910077676.37
Japan,1978-01-01,1035611588216.59
Japan,1977-01-01,737069290927.712
Japan,1976-01-01,598883902155.605
Japan,1975-01-01,532861438884.724
Japan,1974-01-01,490035789970.299
Japan,1973-01-01,441460582535.921
Japan,1972-01-01,324933841268.585
Japan,1971-01-01,245364056622.363
Japan,1970-01-01,217223652719.444
Japan,1969-01-01,184298841304.667
Japan,1968-01-01,156897496759.128
Japan,1967-01-01,132475614226.519
Japan,1966-01-01,113046784179.289
Japan,1965-01-01,97338107605.8236
Japan,1964-01-01,87490590817.9803
Japan,1963-01-01,74379284603.3875
Japan,1962-01-01,64987857541.6256
Japan,1961-01-01,57266758179.5883
Japan,1960-01-01,47419238274.4619
Germany,2024-01-01,4659929336890.62
Germany,2023-01-01,4525703903627.53
Germany,2022-01-01,4163596357879.39
Germany,2021-01-01,4348297440387.53
Germany,2020-01-01,3940142541354.1
Germany,2019-01-01,3957208055215.68
Germany,2018-01-01,4052008447223.53
Germany,2017-01-01,3763092263752.95
Germany,2016-01-01,3537784107980.55
Germany,2015-01-01,3423568450957.03
Germany,2014-01-01,3965800686309.79
Germany,2013-01-01,3808086291482.36
Germany,2012-01-01,3597896500945.31
Germany,2011-01-01,3824828563521.41
Germany,2010-01-01,3468154343000.01
Germany,2009-01-01,3479800820863.28
Germany,2008-01-01,3808786022312.5
Germany,2007-01-01,3484056680854.91
Germany,2006-01-01,3046308753670.58
Germany,2005-01-01,2893393187361.87
Germany,2004-01-01,2852317768061.78
Germany,2003-01-01,2534715518349.01
Germany,2002-01-01,2102350798305.89
Germany,2001-01-01,1966381496641.73
Germany,2000-01-01,1966980701145.1
Germany,1999-01-01,2213873468586.88
Germany,1998-01-01,2247760364565.97
Germany,1997-01-01,2218790886532.82
Germany,1996-01-01,2506576553158.31
Germany,1995-01-01,2593053091306.13
Germany,1994-01-01,2215282632276.73
Germany,1993-01-01,2078954217437.6
Germany,1992-01-01,2141377582968.07
Germany,1991-01-01,1875792575132.59
Germany,1990-01-01,1778162195860.07
Germany,1989-01-01,1404092925205.45
Germany,1988-01-01,1406367016371.53
Germany,1987-01-01,1302932318824.81
Germany,1986-01-01,1050092624515.9
Germany,1985-01-01,735218723093.277
Germany,1984-01-01,727767760978.627
Germany,1983-01-01,773507930294.906
Germany,1982-01-01,779421633755.138
Germany,1981-01-01,803404797057.551
Germany,1980-01-01,953772499462.019
Germany,1979-01-01,884574218333.155
Germany,1978-01-01,743182891918.208
Germany,1977-01-01,602698323085.993
Germany,1976-01-01,521658712132.981
Germany,1975-01-01,492434094920.105
Germany,1974-01-01,446934971657.471
Germany,1973-01-01,399833571167.215
Germany,1972-01-01,300899944795.436
Germany,1971-01-01,250900942396.699
Germany,1970-01-01,216629229947.096
Germany,1969-01-01,177733486326.06
Germany,1968-01-01,156527292653.157
Germany,1967-01-01,145100667772.69
Germany,1966-01-01,143304275683.979
Germany,1965-01-01,134774688191.161
Germany,1964-01-01,123330404665.086
Germany,1963-01-01,112232503744.1
Germany,1962-01-01,105895435234.343
Germany,1961-01-01,96558204043.1028
Germany,1960-01-01,84619845881.2608
India,2024-01-01,3912686168582.21
India,2023-01-01,3638489096033.86
India,2022-01-01,3346107287730.93
India,2021-01-01,3167270623260.47
India,2020-01-01,2674851578587.27
India,2019-01-01,2835606256558.19
India,2018-01-01,2702929641648.74
India,2017-01-01,2651474262755.45
India,2016-01-01,2294796885663.16
India,2015-01-01,2103588360044.94
India,2014-01-01,2039126479154.52
India,2013-01-01,1856721507621.58
India,2012-01-01,1827637590410.41
India,2011-01-01,1823051829894.55
India,2010-01-01,1675615519484.96
India,2009-01-01,1341888016994.9
India,2008-01-01,1198895139005.92
India,2007-01-01,1216736438834.96
India,2006-01-01,940259888787.721
India,2005-01-01,820383763511.445
India,2004-01-01,709152728830.775
India,2003-01-01,607700687237.318
India,2002-01-01,514939140318.756
India,2001-01-01,485440139204.171
India,2000-01-01,468395521654.458
India,1999-01-01,458821052615.79
India,1998-01-01,421351317224.941
India,1997-01-01,415867563592.829
India,1996-01-01,392896866204.516
India,1995-01-01,360281909643.489
India,1994-01-01,327274843459.429
India,1993-01-01,279295648982.529
India,1992-01-01,288208070278.013
India,1991-01-01,270105341879.226
India,1990-01-01,320979026420.035
India,1989-01-01,296042052944.66
India,1988-01-01,296589670895.932
India,1987-01-01,279033584092.223
India,1986-01-01,248985994040.59
India,1985-01-01,232511554840.372
India,1984-01-01,212157645177.652
India,1983-01-01,218262146413.158
India,1982-01-01,200715624830.902
India,1981-01-01,193491368445.573
India,1980-01-01,186328579302.068
India,1979-01-01,152995442497.709
India,1978-01-01,137302319828.995
India,1977-01-01,121486641441.309
India,1976-01-01,102716451979.68
India,1975-01-01,98473832017.3242
India,1974-01-01,99526597933.6331
India,1973-01-01,85517673172.5513
India,1972-01-01,71464700666.9869
India,1971-01-01,67351404351.833
India,1970-01-01,62422483054.6667
India,1969-01-01,58447995017.3333
India,1968-01-01,53085455870.6667
India,1967-01-01,50134942204.0
India,1966-01-01,45581230504.071
India,1965-01-01,59556105229.0052
India,1964-01-01,56480289940.9899
India,1963-01-01,48421923459.1235
India,1962-01-01,42161481858.0819
India,1961-01-01,39232435784.0358
India,1960-01-01,37029883876.1839
United Kingdom,2024-01-01,3643834188782.91
United Kingdom,2023-01-01,3369861888972.88
United Kingdom,2022-01-01,3114042471144.39
United Kingdom,2021-01-01,3143323050707.26
United Kingdom,2020-01-01,2696778386607.65
United Kingdom,2019-01-01,2851407164907.81
United Kingdom,2018-01-01,2871340347581.79
United Kingdom,2017-01-01,2680148052335.3
United Kingdom,2016-01-01,2689106566899.61
United Kingdom,2015-01-01,2927911140916.73
United Kingdom,2014-01-01,3064708247921.43
United Kingdom,2013-01-01,2784853502534.29
United Kingdom,2012-01-01,2707089726614.64
United Kingdom,2011-01-01,2663805834828.07
United Kingdom,2010-01-01,2485482596184.71
United Kingdom,2009-01-01,2412840006231.5
United Kingdom,2008-01-01,2929411764705.88
United Kingdom,2007-01-01,3090510204081.63
United Kingdom,2006-01-01,2708441582336.71
United Kingdom,2005-01-01,2543180000000.0
United Kingdom,2004-01-01,2421525082387.4
United Kingdom,2003-01-01,2054422857142.86
United Kingdom,2002-01-01,1785729916067.15
United Kingdom,2001-01-01,1649827263567.01
United Kingdom,2000-01-01,1665534876683.31
United Kingdom,1999-01-01,1687830448147.55
United Kingdom,1998-01-01,1653694932096.72
United Kingdom,1997-01-01,1560911918795.02
United Kingdom,1996-01-01,1419645865834.63
United Kingdom,1995-01-01,1344240176739.78
United Kingdom,1994-01-01,1140489745944.29
United Kingdom,1993-01-01,1061388722255.55
United Kingdom,1992-01-01,1179659529659.53
United Kingdom,1991-01-01,1142797178130.51
United Kingdom,1990-01-01,1093169389204.55
United Kingdom,1989-01-01,926884816753.927
United Kingdom,1988-01-01,910122732123.799
United Kingdom,1987-01-01,745162608269.325
United Kingdom,1986-01-01,601452653180.885
United Kingdom,1985-01-01,489285164271.047
United Kingdom,1984-01-01,461487097632.349
United Kingdom,1983-01-01,489618008185.539
United Kingdom,1982-01-01,515048916841.37
United Kingdom,1981-01-01,540765675241.158
United Kingdom,1980-01-01,564947710899.373
United Kingdom,1979-01-01,438994070309.191
United Kingdom,1978-01-01,335883029721.956
United Kingdom,1977-01-01,263066457352.172
United Kingdom,1976-01-01,232614555256.065
United Kingdom,1975-01-01,241756637168.142
United Kingdom,1974-01-01,206131369798.971
United Kingdom,1973-01-01,192537971582.558
United Kingdom,1972-01-01,169965034965.035
United Kingdom,1971-01-01,148113896325.14
United Kingdom,1970-01-01,130671946244.3
United Kingdom,1969-01-01,116464702803.218
United Kingdom,1968-01-01,107759910067.889
United Kingdom,1967-01-01,113116888210.787
United Kingdom,1966-01-01,108572752102.045
United Kingdom,1965-01-01,101824755078.991
United Kingdom,1964-01-01,94407558351.1616
United Kingdom,1963-01-01,86561961812.3249
United Kingdom,1962-01-01,81247564156.8246
United Kingdom,1961-01-01,77741965703.3544
United Kingdom,1960-01-01,73233967692.1028
France,2024-01-01,3162079073495.78
France,2023-01-01,3051831611384.76
France,2022-01-01,2796302210398.84
France,2021-01-01,2966433692008.09
France,2020-01-01,2647926055110.05
France,2019-01-01,2722793515171.76
France,2018-01-01,2781576320884.39
France,2017-01-01,2588868323334.71
France,2016-01-01,2470407619777.13
France,2015-01-01,2442483452642.5
France,2014-01-01,2861236112552.42
France,2013-01-01,2816077607875.26
France,2012-01-01,2683007095787.23
France,2011-01-01,2870408553990.28
France,2010-01-01,2646230027988.34
France,2009-01-01,2700075882518.98
France,2008-01-01,2926802941585.86
France,2007-01-01,2655816911866.56
France,2006-01-01,2317861544690.82
France,2005-01-01,2192146403028.17
France,2004-01-01,2109792297237.03
France,2003-01-01,1835095983049.09
France,2002-01-01,1492427756382.43
France,2001-01-01,1370376677298.86
France,2000-01-01,1360959069477.49
France,1999-01-01,1486915879701.93
France,1998-01-01,1496906382032.47
France,1997-01-01,1449392222971.45
France,1996-01-01,1598889216566.23
France,1995-01-01,1595219345511.89
France,1994-01-01,1385822778827.98
France,1993-01-01,1314383368079.69
France,1992-01-01,1389663073110.28
France,1991-01-01,1258961748633.88
France,1990-01-01,1257649439826.53
France,1989-01-01,1016742237302.08
France,1988-01-01,1010827662151.75
France,1987-01-01,926320855614.973
France,1986-01-01,764946585850.933
France,1985-01-01,547220981165.134
France,1984-01-01,525033325827.516
France,1983-01-01,553356312935.709
France,1982-01-01,578152310609.841
France,1981-01-01,609184791792.396
France,1980-01-01,694529183483.39
France,1979-01-01,608218624730.188
France,1978-01-01,501724418604.651
France,1977-01-01,406736454934.474
France,1976-01-01,368488292816.171
France,1975-01-01,356780728162.766
France,1974-01-01,283102178123.295
France,1973-01-01,262343828815.557
France,1972-01-01,201621751625.488
France,1971-01-01,164238872972.653
France,1970-01-01,146926998937.05
France,1969-01-01,140361802781.576
France,1968-01-01,128427504709.055
France,1967-01-01,117751396249.071
France,1966-01-01,108928356518.505
France,1965-01-01,100522559916.017
France,1964-01-01,93079224076.2648
France,1963-01-01,83957182115.028
France,1962-01-01,74888595285.8833
France,1961-01-01,66806595974.7159
France,1960-01-01,61756878990.3
Brazil,2024-01-01,2179412080828.59
Brazil,2023-01-01,2191131765684.63
Brazil,2022-01-01,1951923942083.32
Brazil,2021-01-01,1670647398904.9
Brazil,2020-01-01,1476107231310.49
Brazil,2019-01-01,1873288205059.69
Brazil,2018-01-01,1916933898010.99
Brazil,2017-01-01,2063514977365.65
Brazil,2016-01-01,1795693482853.01
Brazil,2015-01-01,1802212206814.5
Brazil,2014-01-01,2456043727198.85
Brazil,2013-01-01,2472819535557.21
Brazil,2012-01-01,2465227802806.76
Brazil,2011-01-01,2616156223917.69
Brazil,2010-01-01,2208837745100.55
Brazil,2009-01-01,1666996438581.43
Brazil,2008-01-01,1695855083497.52
Brazil,2007-01-01,1397114486368.67
Brazil,2006-01-01,1107626541434.92
Brazil,2005-01-01,891633839894.183
Brazil,2004-01-01,669289424806.307
Brazil,2003-01-01,558233745651.874
Brazil,2002-01-01,509795273806.715
Brazil,2001-01-01,559983634798.981
Brazil,2000-01-01,655448231983.527
Brazil,1999-01-01,599642024319.531
Brazil,1998-01-01,863710759256.435
Brazil,1997-01-01,883206179730.462
Brazil,1996-01-01,850426432991.742
Brazil,1995-01-01,769333050986.905
Brazil,1994-01-01,525369467295.737
Brazil,1993-01-01,368292034380.96
Brazil,1992-01-01,328191909882.232
Brazil,1991-01-01,342534090909.091
Brazil,1990-01-01,384959818181.817
Brazil,1989-01-01,412990820287.42
Brazil,1988-01-01,307881930752.268
Brazil,1987-01-01,283056836893.838
Brazil,1986-01-01,256480852471.129
Brazil,1985-01-01,210879844638.877
Brazil,1984-01-01,188339974086.58
Brazil,1983-01-01,189656506321.431
Brazil,1982-01-01,271314113768.417
Brazil,1981-01-01,258015174748.648
Brazil,1980-01-01,237393489892.637
Brazil,1979-01-01,221338204480.222
Brazil,1978-01-01,200278646123.581
Brazil,1977-01-01,176344101401.941
Brazil,1976-01-01,153168949208.207
Brazil,1975-01-01,129203555238.827
Brazil,1974-01-01,109794519727.538
Brazil,1973-01-01,83592275862.9982
Brazil,1972-01-01,58434858374.8696
Brazil,1971-01-01,48869830901.7878
Brazil,1970-01-01,42327664793.6934
Brazil,1969-01-01,37171640818.5863
Brazil,1968-01-01,33930457425.2613
Brazil,1967-01-01,31086389194.961
Brazil,1966-01-01,28283323733.1114
Brazil,1965-01-01,22465522884.0988
Brazil,1964-01-01,20963733694.9749
Brazil,1963-01-01,23287712878.2002
Brazil,1962-01-01,19231747851.5332
Brazil,1961-01-01,17275940449.3837
Brazil,1960-01-01,17030465539.3906
Italy,2024-01-01,2372774547793.12
Italy,2023-01-01,2304605139862.79
Italy,2022-01-01,2104067630319.46
Italy,2021-01-01,2179207773596.09
Italy,2020-01-01,1907481094079.23
Italy,2019-01-01,2019606796583.53
Italy,2018-01-01,2099435266458.67
Italy,2017-01-01,1970720904584.71
Italy,2016-01-01,1887111188176.93
Italy,2015-01-01,1845428048839.1
Italy,2014-01-01,2173255507985.84
Italy,2013-01-01,2153225581941.46
Italy,2012-01-01,2097929495121.68
Italy,2011-01-01,2306974020278.21
Italy,2010-01-01,2144936254535.0
Italy,2009-01-01,2209484319012.65
Italy,2008-01-01,2417508414187.19
Italy,2007-01-01,2222524108127.65
Italy,2006-01-01,1958563654385.64
Italy,2005-01-01,1864982261286.85
Italy,2004-01-01,1812808753294.75
Italy,2003-01-01,1582930016538.82
Italy,2002-01-01,1281746271196.04
Italy,2001-01-01,1172041488805.87
Italy,2000-01-01,1149661363439.38
Italy,1999-01-01,1255004736463.98
Italy,1998-01-01,1272729786996.77
Italy,1997-01-01,1244988176443.84
Italy,1996-01-01,1314776508972.27
Italy,1995-01-01,1177369428265.78
Italy,1994-01-01,1101750159702.21
Italy,1993-01-01,1067412587670.73
Italy,1992-01-01,1323204350353.5
Italy,1991-01-01,1249092439519.28
Italy,1990-01-01,1183945130898.51
Italy,1989-01-01,930801709003.669
Italy,1988-01-01,893663934840.821
Italy,1987-01-01,807570134448.76
Italy,1986-01-01,641862313287.44
Italy,1985-01-01,453259761687.456
Italy,1984-01-01,438896930791.272
Italy,1983-01-01,444063496940.337
Italy,1982-01-01,428257421617.752
Italy,1981-01-01,431695533980.583
Italy,1980-01-01,478356755595.749
Italy,1979-01-01,394584507107.9
Italy,1978-01-01,315784469541.41
Italy,1977-01-01,258190019749.835
Italy,1976-01-01,225235205861.828
Italy,1975-01-01,228220643534.994
Italy,1974-01-01,200024444775.231
Italy,1973-01-01,175896529392.229
Italy,1972-01-01,145594833997.344
Italy,1971-01-01,124959712858.926
Italy,1970-01-01,113656669764.56
Italy,1969-01-01,100996667239.335
Italy,1968-01-01,91485448147.84
Italy,1967-01-01,84401995573.2456
Italy,1966-01-01,76622444787.3696
Italy,1965-01-01,70717012186.1774
Italy,1964-01-01,65720771779.4768
Italy,1963-01-01,60035924617.9277
Italy,1962-01-01,52413872628.0045
Italy,1961-01-01,46649487320.4225
Italy,1960-01-01,42012422612.3955
Canada,2024-01-01,2241253230970.34
Canada,2023-01-01,2173339670064.33
Canada,2022-01-01,2190411080134.32
Canada,2021-01-01,2022378748423.23
Canada,2020-01-01,1655684730000.19
Canada,2019-01-01,1743725183672.52
Canada,2018-01-01,1725329192783.02
Canada,2017-01-01,1649265644244.09
Canada,2016-01-01,1527994741907.43
Canada,2015-01-01,1556508816217.14
Canada,2014-01-01,1805749878439.94
Canada,2013-01-01,1846597421834.98
Canada,2012-01-01,1828366481521.6
Canada,2011-01-01,1793326630174.52
Canada,2010-01-01,1617343367486.26
Canada,2009-01-01,1374625142157.29
Canada,2008-01-01,1552989690721.65
Canada,2007-01-01,1468820407783.26
Canada,2006-01-01,1319264809590.97
Canada,2005-01-01,1173108598778.68
Canada,2004-01-01,1026690238278.25
Canada,2003-01-01,895540646634.787
Canada,2002-01-01,760649334098.005
Canada,2001-01-01,738981792355.372
Canada,2000-01-01,744773415931.587
Canada,1999-01-01,678412196271.118
Canada,1998-01-01,634000000000.0
Canada,1997-01-01,654986999855.554
Canada,1996-01-01,630607994132.747
Canada,1995-01-01,605961090061.207
Canada,1994-01-01,579944346807.264
Canada,1993-01-01,579053561739.4
Canada,1992-01-01,594387358318.855
Canada,1991-01-01,612527712315.615
Canada,1990-01-01,596075591360.987
Canada,1989-01-01,567211993243.243
Canada,1988-01-01,509380027626.554
Canada,1987-01-01,433134238310.709
Canada,1986-01-01,379006836991.724
Canada,1985-01-01,366186012449.652
Canada,1984-01-01,356718400123.543
Canada,1983-01-01,341866277182.733
Canada,1982-01-01,314647807408.608
Canada,1981-01-01,307246642755.859
Canada,1980-01-01,274776566028.053
Canada,1979-01-01,243891124295.715
Canada,1978-01-01,219369542386.254
Canada,1977-01-01,212325176304.654
Canada,1976-01-01,207271612576.065
Canada,1975-01-01,174419757176.563
Canada,1974-01-01,160949188139.059
Canada,1973-01-01,131764343565.643
Canada,1972-01-01,113463848873.624
Canada,1971-01-01,99606454743.5136
Canada,1970-01-01,88192257632.3093
Canada,1969-01-01,79405011124.8208
Canada,1968-01-01,72048833006.1602
Canada,1967-01-01,65856924423.9721
Canada,1966-01-01,61252415404.686
Canada,1965-01-01,54649410478.5226
Canada,1964-01-01,49503663836.3665
Canada,1963-01-01,45140337826.9869
Canada,1962-01-01,42336211555.8268
Canada,1961-01-01,41038192837.9035
Canada,1960-01-01,40563768946.9503
Russian Federation,2024-01-01,2173835806671.66
Russian Federation,2023-01-01,2071505725030.58
Russian Federation,2022-01-01,2291612121334.64
Russian Federation,2021-01-01,1829186719575.1
Russian Federation,2020-01-01,1493075894362.14
Russian Federation,2019-01-01,1693115002708.32
Russian Federation,2018-01-01,1657328773461.31
Russian Federation,2017-01-01,1574199360089.0
Russian Federation,2016-01-01,1276786350881.14
Russian Federation,2015-01-01,1363482182197.71
Russian Federation,2014-01-01,2059241589895.01
Russian Federation,2013-01-01,2292470078346.22
Russian Federation,2012-01-01,2208293553878.42
Russian Federation,2011-01-01,2045922753398.04
Russian Federation,2010-01-01,1524916715223.95
Russian Federation,2009-01-01,1222645900055.7
Russian Federation,2008-01-01,1660848058303.11
Russian Federation,2007-01-01,1299703478481.65
Russian Federation,2006-01-01,989932071352.543
Russian Federation,2005-01-01,764015973481.11
Russian Federation,2004-01-01,591016690732.385
Russian Federation,2003-01-01,430347420184.885
Russian Federation,2002-01-01,345470494417.863
Russian Federation,2001-01-01,306602070620.5
Russian Federation,2000-01-01,259710142196.943
Russian Federation,1999-01-01,195907128350.934
Russian Federation,1998-01-01,270955486862.442
Russian Federation,1997-01-01,404928954191.876
Russian Federation,1996-01-01,391724890744.498
Russian Federation,1995-01-01,395537185734.854
Russian Federation,1994-01-01,395077301248.464
Russian Federation,1993-01-01,435083713850.837
Russian Federation,1992-01-01,460290556900.726
Russian Federation,1991-01-01,517962962962.963
Russian Federation,1990-01-01,517014446227.929
Russian Federation,1989-01-01,506631299734.748
Russian Federation,1988-01-01,554828660436.137
"Korea, Rep.",2023-01-01,1712792854202.37
"Korea, Rep.",2022-01-01,1673916511799.71
"Korea, Rep.",2021-01-01,1818432106880.04
"Korea, Rep.",2020-01-01,1644312831906.17
"Korea, Rep.",2019-01-01,1651422932447.77
"Korea, Rep.",2018-01-01,1725373496825.43
"Korea, Rep.",2017-01-01,1623074183501.9
"Korea, Rep.",2016-01-01,1499679823909.61
"Korea, Rep.",2015-01-01,1466038936206.43
"Korea, Rep.",2014-01-01,1484488526271.8
"Korea, Rep.",2013-01-01,1370632955321.2
"Korea, Rep.",2012-01-01,1278046536287.01
"Korea, Rep.",2011-01-01,1253289537500.81
"Korea, Rep.",2010-01-01,1143672241149.72
"Korea, Rep.",2009-01-01,943941876218.743
"Korea, Rep.",2008-01-01,1047339010225.25
"Korea, Rep.",2007-01-01,1172614086539.86
"Korea, Rep.",2006-01-01,1053216909887.56
"Korea, Rep.",2005-01-01,934901071332.984
"Korea, Rep.",2004-01-01,793175561887.027
"Korea, Rep.",2003-01-01,702714855193.904
"Korea, Rep.",2002-01-01,627246933729.618
"Korea, Rep.",2001-01-01,547656279894.587
"Korea, Rep.",2000-01-01,576179387819.613
"Korea, Rep.",1999-01-01,497514040642.262
"Korea, Rep.",1998-01-01,383331833681.821
"Korea, Rep.",1997-01-01,569755022973.035
"Korea, Rep.",1996-01-01,610167053824.007
"Korea, Rep.",1995-01-01,566581003128.204
"Korea, Rep.",1994-01-01,463619823515.164
"Korea, Rep.",1993-01-01,392665710525.411
"Korea, Rep.",1992-01-01,355524903068.056
"Korea, Rep.",1991-01-01,330647042837.334
"Korea, Rep.",1990-01-01,283365844161.092
"Korea, Rep.",1989-01-01,246928837311.406
"Korea, Rep.",1988-01-01,199591287824.777
"Korea, Rep.",1987-01-01,147948709376.434
"Korea, Rep.",1986-01-01,116836246284.832
"Korea, Rep.",1985-01-01,101296177099.377
"Korea, Rep.",1984-01-01,97510744119.1162
"Korea, Rep.",1983-01-01,87760553261.9279
"Korea, Rep.",1982-01-01,78358416171.4889
"Korea, Rep.",1981-01-01,72933533011.7706
"Korea, Rep.",1980-01-01,65398377597.5108
"Korea, Rep.",1979-01-01,66946900826.4463
"Korea, Rep.",1978-01-01,51972107438.0165
"Korea, Rep.",1977-01-01,38446487603.3058
"Korea, Rep.",1976-01-01,29902479338.843
"Korea, Rep.",1975-01-01,21784297520.6612
"Korea, Rep.",1974-01-01,19543973941.3681
"Korea, Rep.",1973-01-01,13876472208.2678
"Korea, Rep.",1972-01-01,10862211760.8252
"Korea, Rep.",1971-01-01,9903571248.53268
"Korea, Rep.",1970-01-01,9005144969.11666
"Korea, Rep.",1969-01-01,7678698837.59346
"Korea, Rep.",1968-01-01,6119394892.37109
"Korea, Rep.",1967-01-01,4855892445.82682
"Korea, Rep.",1966-01-01,3929055143.5021
"Korea, Rep.",1965-01-01,3120861498.91442
"Korea, Rep.",1964-01-01,3459019942.79079
"Korea, Rep.",1963-01-01,3988461538.46154
"Korea, Rep.",1962-01-01,2814615384.61538
"Korea, Rep.",1961-01-01,2417628736.52655
"Korea, Rep.",1960-01-01,3958811881.18812
Australia,2024-01-01,1752193307380.34
Australia,2023-01-01,1728057316695.61
Australia,2022-01-01,1690858246994.43
Australia,2021-01-01,1556735770437.26
Australia,2020-01-01,1328414058378.38
Australia,2019-01-01,1392723834562.64
Australia,2018-01-01,1427809041019.44
Australia,2017-01-01,1325582658156.54
Australia,2016-01-01,1206836962281.84
Australia,2015-01-01,1351296372254.31
Australia,2014-01-01,1468265356427.76
Australia,2013-01-01,1577123329410.88
Australia,2012-01-01,1547532281116.4
Australia,2011-01-01,1398610616772.97
Australia,2010-01-01,1148838233480.72
Australia,2009-01-01,928762122698.05
Australia,2008-01-01,1056112427190.38
Australia,2007-01-01,855007458585.224
Australia,2006-01-01,748417562769.636
Australia,2005-01-01,695692898676.56
Australia,2004-01-01,614659980082.515
Australia,2003-01-01,467739079790.332
Australia,2002-01-01,395788696012.059
Australia,2001-01-01,379629301675.108
Australia,2000-01-01,416167815092.908
Australia,1999-01-01,389652212056.649
Australia,1998-01-01,399674421759.479
Australia,1997-01-01,435642611296.586
Australia,1996-01-01,401341880620.728
Australia,1995-01-01,368166023166.023
Australia,1994-01-01,322806641300.588
Australia,1993-01-01,312133923552.558
Australia,1992-01-01,325525379566.838
Australia,1991-01-01,325975319455.531
Australia,1990-01-01,311426665219.971
Australia,1989-01-01,299875906679.217
Australia,1988-01-01,236161314544.153
Australia,1987-01-01,189495764955.003
Australia,1986-01-01,182481113598.209
Australia,1985-01-01,180643265927.279
Australia,1984-01-01,193525337525.765
Australia,1983-01-01,177267290706.228
Australia,1982-01-01,194041708043.694
Australia,1981-01-01,176895390688.494
Australia,1980-01-01,149987743732.591
Australia,1979-01-01,134900602067.477
Australia,1978-01-01,118492761338.464
Australia,1977-01-01,110352144987.382
Australia,1976-01-01,105060616984.856
Australia,1975-01-01,97304383449.406
Australia,1974-01-01,88965364775.2395
Australia,1973-01-01,63833440102.4984
Australia,1972-01-01,52042056074.7664
Australia,1971-01-01,45217767234.8428
Australia,1970-01-01,41334726613.5563
Australia,1969-01-01,36684485869.5177
Australia,1968-01-01,32714085234.2536
Australia,1967-01-01,30442724870.836
Australia,1966-01-01,27308964369.4343
Australia,1965-01-01,25977284156.3655
Australia,1964-01-01,23801123808.1798
Australia,1963-01-01,21540963446.5541
Australia,1962-01-01,19923683187.7893
Australia,1961-01-01,19684003149.4405
Australia,1960-01-01,18607682977.2293
Spain,2024-01-01,1722745978335.16
Spain,2023-01-01,1620090734956.89
Spain,2022-01-01,1446498147749.03
Spain,2021-01-01,1461244901852.69
Spain,2020-01-01,1289783836971.21
Spain,2019-01-01,1403496387686.27
Spain,2018-01-01,1431642809327.06
Spain,2017-01-01,1321754088818.83
Spain,2016-01-01,1243015667917.12
Spain,2015-01-01,1206164777553.12
Spain,2014-01-01,1380244561361.96
Spain,2013-01-01,1362186923157.65
Spain,2012-01-01,1330994811670.31
Spain,2011-01-01,1487568659241.25
Spain,2010-01-01,1427989078916.67
Spain,2009-01-01,1496587590847.66
Spain,2008-01-01,1636115447612.5
Spain,2007-01-01,1476746276854.51
Spain,2006-01-01,1261846683275.29
Spain,2005-01-01,1154667551775.88
Spain,2004-01-01,1069829382514.67
Spain,2003-01-01,907963217057.645
Spain,2002-01-01,708938227243.923
Spain,2001-01-01,627798682378.741
Spain,2000-01-01,598102854756.08
Spain,1999-01-01,634394904386.874
Spain,1998-01-01,618731484575.12
Spain,1997-01-01,589739772727.273
Spain,1996-01-01,642251412058.321
Spain,1995-01-01,614170002668.802
Spain,1994-01-01,530183651720.283
Spain,1993-01-01,524700572623.872
Spain,1992-01-01,630465353486.104
Spain,1991-01-01,576753902321.857
Spain,1990-01-01,536175326477.31
Spain,1989-01-01,414460794096.978
Spain,1988-01-01,375891716897.586
Spain,1987-01-01,318520253335.13
Spain,1986-01-01,251141555185.933
Spain,1985-01-01,180664322896.282
Spain,1984-01-01,171979977230.387
Spain,1983-01-01,170829074245.94
Spain,1982-01-01,195856752991.065
Spain,1981-01-01,202663023968.283
Spain,1980-01-01,232600556973.776
Spain,1979-01-01,214448666336.143
Spain,1978-01-01,160484969618.056
Spain,1977-01-01,132354665936.473
Spain,1976-01-01,118422534195.474
Spain,1975-01-01,114695060869.565
Spain,1974-01-01,97204522642.0536
Spain,1973-01-01,78583355225.5854
Spain,1972-01-01,59090176028.993
Spain,1971-01-01,46586119760.479
Spain,1970-01-01,40963715236.5106
Spain,1969-01-01,37090689287.8552
Spain,1968-01-01,32394326463.759
Spain,1967-01-01,32570905397.2885
Spain,1966-01-01,29559436182.9186
Spain,1965-01-01,25479619606.5284
Spain,1964-01-01,21966876027.2517
Spain,1963-01-01,19631714759.6491
Spain,1962-01-01,16609632790.5843
Spain,1961-01-01,14238126759.7335
Spain,1960-01-01,12424514013.7604
Mexico,2024-01-01,1852722885258.11
Mexico,2023-01-01,1793798859343.27
Mexico,2022-01-01,1466464899303.68
Mexico,2021-01-01,1316569466735.28
Mexico,2020-01-01,1121064767401.51
Mexico,2019-01-01,1304106203902.45
Mexico,2018-01-01,1256300182775.8
Mexico,2017-01-01,1190721475906.0
Mexico,2016-01-01,1112233497452.7
Mexico,2015-01-01,1213294467779.98
Mexico,2014-01-01,1364507717764.6
Mexico,2013-01-01,1327436290439.27
Mexico,2012-01-01,1255110424665.92
Mexico,2011-01-01,1229013703577.75
Mexico,2010-01-01,1105424238572.81
Mexico,2009-01-01,943437415024.633
Mexico,2008-01-01,1161553459984.65
Mexico,2007-01-01,1102355554880.44
Mexico,2006-01-01,1020265057882.01
Mexico,2005-01-01,917571853529.104
Mexico,2004-01-01,819459227375.022
Mexico,2003-01-01,765549967888.647
Mexico,2002-01-01,810666116401.915
Mexico,2001-01-01,796064590549.136
Mexico,2000-01-01,742061329749.127
Mexico,1999-01-01,631249359702.389
Mexico,1998-01-01,557461102630.658
Mexico,1997-01-01,523449530464.257
Mexico,1996-01-01,432157945024.428
Mexico,1995-01-01,380157469866.849
Mexico,1994-01-01,553618247900.74
Mexico,1993-01-01,530160763662.543
Mexico,1992-01-01,363157832923.734
Mexico,1991-01-01,313139656145.745
Mexico,1990-01-01,261253675692.838
Mexico,1989-01-01,221403098266.77
Mexico,1988-01-01,181611150496.787
Mexico,1987-01-01,147542558208.888
Mexico,1986-01-01,134556034672.991
Mexico,1985-01-01,195241069482.077
Mexico,1984-01-01,184230754105.394
Mexico,1983-01-01,156167000432.994
Mexico,1982-01-01,184602611609.517
Mexico,1981-01-01,263797827860.494
Mexico,1980-01-01,205577055465.993
Mexico,1979-01-01,134531900898.926
Mexico,1978-01-01,102648570299.117
Mexico,1977-01-01,81912018783.5024
Mexico,1976-01-01,88875923765.072
Mexico,1975-01-01,88000000000.0
Mexico,1974-01-01,72000000000.0
Mexico,1973-01-01,55280000000.0
Mexico,1972-01-01,45200000000.0
Mexico,1971-01-01,39200000000.0
Mexico,1970-01-01,35520000000.0
Mexico,1969-01-01,32480000000.0
Mexico,1968-01-01,29360000000.0
Mexico,1967-01-01,26560000000.0
Mexico,1966-01-01,24320000000.0
Mexico,1965-01-01,21840000000.0
Mexico,1964-01-01,20080000000.0
Mexico,1963-01-01,16960000000.0
Mexico,1962-01-01,15200000000.0
Mexico,1961-01-01,14160000000.0
Mexico,1960-01-01,13040000000.0
Indonesia,2024-01-01,1396300098190.97
Indonesia,2023-01-01,1371169301563.62
Indonesia,2022-01-01,1319101183380.15
Indonesia,2021-01-01,1186509691086.73
Indonesia,2020-01-01,1059054842698.48
Indonesia,2019-01-01,1119099871350.2
Indonesia,2018-01-01,1042271532988.63
Indonesia,2017-01-01,1015618744159.73
Indonesia,2016-01-01,931877364037.698
Indonesia,2015-01-01,860854232686.214
Indonesia,2014-01-01,890814755533.537
Indonesia,2013-01-01,912524136718.018
Indonesia,2012-01-01,917869913332.649
Indonesia,2011-01-01,892969104563.171
Indonesia,2010-01-01,755094157621.936
Indonesia,2009-01-01,539580085612.401
Indonesia,2008-01-01,510228634992.258
Indonesia,2007-01-01,432216737774.861
Indonesia,2006-01-01,364570515618.357
Indonesia,2005-01-01,285868619196.085
Indonesia,2004-01-01,256836875295.452
Indonesia,2003-01-01,234772463823.808
Indonesia,2002-01-01,195660611165.183
Indonesia,2001-01-01,160446947784.909
Indonesia,2000-01-01,165021012077.81
Indonesia,1999-01-01,140001351215.462
Indonesia,1998-01-01,95445547872.715
Indonesia,1997-01-01,215748998609.635
Indonesia,1996-01-01,227369679374.973
Indonesia,1995-01-01,202132028723.115
Indonesia,1994-01-01,176892143931.505
Indonesia,1993-01-01,158006700301.533
Indonesia,1992-01-01,128026966579.964
Indonesia,1991-01-01,116621996217.133
Indonesia,1990-01-01,106140727333.636
Indonesia,1989-01-01,94451427876.6628
Indonesia,1988-01-01,84300174485.7973
Indonesia,1987-01-01,75929617557.7521
Indonesia,1986-01-01,79954072544.5279
Indonesia,1985-01-01,85289488375.4435
Indonesia,1984-01-01,84853700027.651
Indonesia,1983-01-01,81052283383.7155
Indonesia,1982-01-01,90158449294.9921
Indonesia,1981-01-01,85518233419.0479
Indonesia,1980-01-01,72482337397.4439
Indonesia,1979-01-01,51400186342.8889
Indonesia,1978-01-01,51455719075.8254
Indonesia,1977-01-01,45808915662.6506
Indonesia,1976-01-01,37269156626.506
Indonesia,1975-01-01,30463855421.6867
Indonesia,1974-01-01,25802409638.5542
Indonesia,1973-01-01,16273253012.0482
Indonesia,1972-01-01,10997590361.4458
Indonesia,1971-01-01,9333536369.94567
Indonesia,1970-01-01,9150684931.50685
Indonesia,1969-01-01,8337423312.88344
Indonesia,1968-01-01,7076465299.81141
Indonesia,1967-01-01,5667756627.92093
Netherlands,2024-01-01,1227543925316.41
Netherlands,2023-01-01,1154361305398.06
Netherlands,2022-01-01,1046540797548.64
Netherlands,2021-01-01,1054472123449.6
Netherlands,2020-01-01,932560861701.17
Netherlands,2019-01-01,928903005576.469
Netherlands,2018-01-01,929733599796.862
Netherlands,2017-01-01,848233537845.884
Netherlands,2016-01-01,797163949289.885
Netherlands,2015-01-01,775743675302.734
Netherlands,2014-01-01,901556501756.467
Netherlands,2013-01-01,883951539006.669
Netherlands,2012-01-01,845689017065.625
Netherlands,2011-01-01,913140741332.687
Netherlands,2010-01-01,852464982433.335
Netherlands,2009-01-01,878954223140.234
Netherlands,2008-01-01,957901566041.406
Netherlands,2007-01-01,853499460872.552
Netherlands,2006-01-01,737593995289.411
Netherlands,2005-01-01,688133699635.797
Netherlands,2004-01-01,661224886143.245
Netherlands,2003-01-01,582435617081.96
Netherlands,2002-01-01,475529972122.746
Netherlands,2001-01-01,432536219668.898
Netherlands,2000-01-01,417649282153.726
Netherlands,1999-01-01,447778514140.155
Netherlands,1998-01-01,438612530548.767
Netherlands,1997-01-01,417506211881.635
Netherlands,1996-01-01,451372549019.608
Netherlands,1995-01-01,452967334614.329
Netherlands,1994-01-01,379688232231.505
Netherlands,1993-01-01,354070495965.828
Netherlands,1992-01-01,363497050125.313
Netherlands,1991-01-01,327982316124.47
Netherlands,1990-01-01,318799003993.707
Netherlands,1989-01-01,258716904291.801
Netherlands,1988-01-01,262295966105.474
Netherlands,1987-01-01,245406949521.323
Netherlands,1986-01-01,201157708220.903
Netherlands,1985-01-01,144057523221.868
Netherlands,1984-01-01,144124462912.088
Netherlands,1983-01-01,153671294108.563
Netherlands,1982-01-01,158712765536.024
Netherlands,1981-01-01,164375775854.456
Netherlands,1980-01-01,195439301706.939
Netherlands,1979-01-01,179933827309.678
Netherlands,1978-01-01,156089077205.133
Netherlands,1977-01-01,127203923857.412
Netherlands,1976-01-01,109329386564.427
Netherlands,1975-01-01,100397061693.97
Netherlands,1974-01-01,87371810804.1643
Netherlands,1973-01-01,71946639602.7117
Netherlands,1972-01-01,54787070173.0294
Netherlands,1971-01-01,44644730576.4411
Netherlands,1970-01-01,38220884519.3888
Netherlands,1969-01-01,34086038090.3986
Netherlands,1968-01-01,30097635750.982
Netherlands,1967-01-01,27143828098.7481
Netherlands,1966-01-01,24741480717.0389
Netherlands,1965-01-01,22721869808.1438
Netherlands,1964-01-01,20232048552.8327
Netherlands,1963-01-01,17193744109.0367
Netherlands,1962-01-01,15847582341.1664
Netherlands,1961-01-01,14599836396.388
Netherlands,1960-01-01,13282979014.563
Saudi Arabia,2024-01-01,1237529866666.67
Saudi Arabia,2023-01-01,1218584533333.33
Saudi Arabia,2022-01-01,1239075200000.0
Saudi Arabia,2021-01-01,982661066666.667
Saudi Arabia,2020-01-01,767951200000.0
Saudi Arabia,2019-01-01,888890133333.333
Saudi Arabia,2018-01-01,886564800000.0
Saudi Arabia,2017-01-01,741266133333.333
Saudi Arabia,2016-01-01,689279466666.667
Saudi Arabia,2015-01-01,693414400000.0
Saudi Arabia,2014-01-01,787153066666.667
Saudi Arabia,2013-01-01,769755733333.333
Saudi Arabia,2012-01-01,751921333333.333
Saudi Arabia,2011-01-01,680660800000.0
Saudi Arabia,2010-01-01,528207466666.667
Saudi Arabia,2009-01-01,429097866666.667
Saudi Arabia,2008-01-01,519796800000.0
Saudi Arabia,2007-01-01,415964509673.115
Saudi Arabia,2006-01-01,376900133511.348
Saudi Arabia,2005-01-01,328459608764.111
Saudi Arabia,2004-01-01,258742133333.333
Saudi Arabia,2003-01-01,215807733333.333
Saudi Arabia,2002-01-01,189605866666.667
Saudi Arabia,2001-01-01,184137600000.0
Saudi Arabia,2000-01-01,189514933333.333
Saudi Arabia,1999-01-01,161717066666.667
Saudi Arabia,1998-01-01,146775466666.667
Saudi Arabia,1997-01-01,165963684913.218
Saudi Arabia,1996-01-01,158662483311.081
Saudi Arabia,1995-01-01,143343124165.554
Saudi Arabia,1994-01-01,135174899866.489
Saudi Arabia,1993-01-01,132967957276.368
Saudi Arabia,1992-01-01,137087850467.29
Saudi Arabia,1991-01-01,132223230974.633
Saudi Arabia,1990-01-01,117630173564.753
Saudi Arabia,1989-01-01,95344459279.0387
Saudi Arabia,1988-01-01,88256074766.3551
Saudi Arabia,1987-01-01,85695861148.1976
Saudi Arabia,1986-01-01,86961922765.3254
Saudi Arabia,1985-01-01,103897846493.65
Saudi Arabia,1984-01-01,119624858115.778
Saudi Arabia,1983-01-01,129171635311.143
Saudi Arabia,1982-01-01,153240313858.323
Saudi Arabia,1981-01-01,184291360138.69
Saudi Arabia,1980-01-01,164539660725.118
Saudi Arabia,1979-01-01,111858444786.224
Saudi Arabia,1978-01-01,80266516686.5614
Saudi Arabia,1977-01-01,74188986586.0629
Saudi Arabia,1976-01-01,64005665722.3796
Saudi Arabia,1975-01-01,46773208642.6814
Saudi Arabia,1974-01-01,45412957746.4789
Saudi Arabia,1973-01-01,14947435499.323
Saudi Arabia,1972-01-01,9664267086.60323
Saudi Arabia,1971-01-01,7184806909.28939
Saudi Arabia,1970-01-01,5377333333.33333
Saudi Arabia,1969-01-01,4485777644.44444
Saudi Arabia,1968-01-01,4187777711.11111
Saudi Arabia,1967-01-01,3257022222.66667
Saudi Arabia,1966-01-01,2920555557.11111
Saudi Arabia,1965-01-01,2647955557.55556
Saudi Arabia,1964-01-01,2371808712.88889
Saudi Arabia,1963-01-01,2207393171.55556
Saudi Arabia,1962-01-01,2130606531.77778
Saudi Arabia,1961-01-01,1920811284.22222
Saudi Arabia,1960-01-01,1748124063.55556
Turkiye,2024-01-01,1323254808058.74
Turkiye,2023-01-01,1118252958513.72
Turkiye,2022-01-01,907118434653.505
Turkiye,2021-01-01,819865223976.115
Turkiye,2020-01-01,720338490327.248
Turkiye,2019-01-01,761005915750.925
Turkiye,2018-01-01,778972108040.602
Turkiye,2017-01-01,858988492853.742
Turkiye,2016-01-01,869682881593.041
Turkiye,2015-01-01,864313810469.009
Turkiye,2014-01-01,938934609296.966
Turkiye,2013-01-01,957799120008.32
Turkiye,2012-01-01,880555885492.269
Turkiye,2011-01-01,838785289694.35
Turkiye,2010-01-01,776967266305.53
Turkiye,2009-01-01,649289324627.732
Turkiye,2008-01-01,770449132861.373
Turkiye,2007-01-01,681321124295.914
Turkiye,2006-01-01,557076157773.479
Turkiye,2005-01-01,506314717661.655
Turkiye,2004-01-01,408865430220.331
Turkiye,2003-01-01,314595572145.767
Turkiye,2002-01-01,240249071871.106
Turkiye,2001-01-01,201753123806.695
Turkiye,2000-01-01,274294623164.043
Turkiye,1999-01-01,256395932738.435
Turkiye,1998-01-01,275941990764.18
Turkiye,1997-01-01,189878399894.643
Turkiye,1996-01-01,181464408820.097
Turkiye,1995-01-01,169319579016.25
Turkiye,1994-01-01,130650447499.071
Turkiye,1993-01-01,180415757851.616
Turkiye,1992-01-01,159104772991.851
Turkiye,1991-01-01,151034731543.624
Turkiye,1990-01-01,150655500191.644
Turkiye,1989-01-01,107127191328.935
Turkiye,1988-01-01,90875175808.7201
Turkiye,1987-01-01,87190081680.28
Turkiye,1986-01-01,75673037037.037
Turkiye,1985-01-01,67232758620.6897
Turkiye,1984-01-01,59937602179.8365
Turkiye,1983-01-01,61803555555.5556
Turkiye,1982-01-01,64369325153.3742
Turkiye,1981-01-01,71180180180.1802
Turkiye,1980-01-01,68823684210.5263
Turkiye,1979-01-01,89616129032.2581
Turkiye,1978-01-01,65912500000.0
Turkiye,1977-01-01,58683333333.3333
Turkiye,1976-01-01,51450000000.0
Turkiye,1975-01-01,46042857142.8571
Turkiye,1974-01-01,35414285714.2857
Turkiye,1973-01-01,26000000000.0
Turkiye,1972-01-01,20650000000.0
Turkiye,1971-01-01,16166666666.6667
Turkiye,1970-01-01,17863636363.6364
Turkiye,1969-01-01,19466666666.6667
Turkiye,1968-01-01,17500000000.0
Turkiye,1967-01-01,15644444444.4444
Turkiye,1966-01-01,14100000000.0
Turkiye,1965-01-01,11966666666.6667
Turkiye,1964-01-01,11177777777.7778
Turkiye,1963-01-01,10355555555.5556
Turkiye,1962-01-01,8922222222.22222
Turkiye,1961-01-01,7988888888.88889
Turkiye,1960-01-01,7566666666.66667
Switzerland,2024-01-01,936564198048.516
Switzerland,2023-01-01,894424821645.205
Switzerland,2022-01-01,828508926958.393
Switzerland,2021-01-01,815309330986.719
Switzerland,2020-01-01,741999406005.627
Switzerland,2019-01-01,721369112726.724
Switzerland,2018-01-01,725568717468.001
Switzerland,2017-01-01,695200834102.045
Switzerland,2016-01-01,687895460902.713
Switzerland,2015-01-01,694118186379.628
Switzerland,2014-01-01,726537809429.524
Switzerland,2013-01-01,706234937370.968
Switzerland,2012-01-01,686420221557.99
Switzerland,2011-01-01,715888126682.396
Switzerland,2010-01-01,598851027947.721
Switzerland,2009-01-01,554212916092.271
Switzerland,2008-01-01,567267767519.158
Switzerland,2007-01-01,490740715594.802
Switzerland,2006-01-01,441634672196.523
Switzerland,2005-01-01,418284865884.998
Switzerland,2004-01-01,403912891033.374
Switzerland,2003-01-01,362075086507.76
Switzerland,2002-01-01,309301422430.386
Switzerland,2001-01-01,286582672434.226
Switzerland,2000-01-01,279216033870.204
Switzerland,1999-01-01,297873643323.126
Switzerland,1998-01-01,303459014346.806
Switzerland,1997-01-01,294788198856.198
Switzerland,1996-01-01,340103959546.926
Switzerland,1995-01-01,352835806342.495
Switzerland,1994-01-01,301375055202.164
Switzerland,1993-01-01,272237527070.926
Switzerland,1992-01-01,279921425828.474
Switzerland,1991-01-01,268901693863.319
Switzerland,1990-01-01,265763573999.424
Switzerland,1989-01-01,208105846934.409
Switzerland,1988-01-01,215540625298.982
Switzerland,1987-01-01,199236370037.554
Switzerland,1986-01-01,159089921062.872
Switzerland,1985-01-01,110980314191.527
Switzerland,1984-01-01,109455312167.511
Switzerland,1983-01-01,114634358534.61
Switzerland,1982-01-01,115043365512.486
Switzerland,1981-01-01,112244805518.786
Switzerland,1980-01-01,122557843886.137
Switzerland,1979-01-01,114970094424.731
Switzerland,1978-01-01,102280472035.794
Switzerland,1977-01-01,73135771167.048
Switzerland,1976-01-01,68476524643.943
Switzerland,1975-01-01,65466081819.2384
Switzerland,1974-01-01,57103011445.6416
Switzerland,1973-01-01,49550006319.5147
Switzerland,1972-01-01,36844318854.2403
Switzerland,1971-01-01,30040171750.6471
Switzerland,1970-01-01,24998066773.3821
Switzerland,1969-01-01,22442043274.074
Switzerland,1968-01-01,20712102793.8026
Switzerland,1967-01-01,19397044714.0963
Switzerland,1966-01-01,18019402373.5388
Switzerland,1965-01-01,16780226225.085
Switzerland,1964-01-01,15833133857.6281
Switzerland,1963-01-01,14283872299.0456
Switzerland,1962-01-01,12989649694.2812
Switzerland,1961-01-01,11713348834.3069
Switzerland,1960-01-01,10412232620.5258
